iteration,time_nsgaii,time_spea2_1,time_spea2_2,time_spea2_3,bestT_nsgaii,bestT_spea2_1,bestT_spea2_2,bestT_spea2_3,bestT_nsgaii,bestT_spea2_1,bestT_spea2_2,bestT_spea2_3,
0,1611818,882781,1692999,2084870,-9223372036854775808,0.0,480.0,0.0,0.0,1.7976931348623157E308,72.46932992900736,68.200371151584,68.62801991386947,66.76180163456829,0.0
