iteration,time_SPEA2,time_NSGAII,time_MOEA/D,bestT_SPEA2,bestT_NSGAII,bestT_MOEA/D,bestU_SPEA2,bestU_NSGAII,bestU_MOEA/D
1,3290551,3320004,4178673,252540,219985,331220,68.83756278,75.63854489,76.27874237
2,3487743,3529803,6055442,173385,200945,231700,75.14933628,71.52510341,69.98380178
3,3778727,3801756,5115297,175550,146430,297115,69.13549542,73.28808769,70.32296971
4,4023477,3810677,5448607,199775,153040,279215,63.24054581,75.87762957,73.58102215
5,3250019,2548885,4694754,277360,227325,319680,69.7133361,78.65788602,70.39662263
average,3566.1034,3402.225,5098.5546,215722,189545,291786,69.21525528,74.99745032,72.11263173
best,3250.019,2548.885,4178.673,173385,146430,231700,75.14933628,78.65788602,76.27874237
