NO.,n_SPEA2_2,n_NSGAII_2,n_MOEA,"C(SPEA2_2,NSGAII_2)","C(NSGAII_2,SPEA2_2)","C(SPEA2_2,MOEA)","C(MOEA,SPEA2_2)","C(NSGAII_2,MOEA)","C(MOEA,NSGAII_2)",HV(SPEA2_2),HV(NSGAII_2),HV(MOEA)
1,14,21,7,0.0,1.0,0.0,0.35714285714285715,0.0,0.2857142857142857,26.200755161427004,32.71175150143699,32.272450293848195
2,14,18,9,0.0,0.5714285714285714,0.0,0.5,0.0,0.1111111111111111,32.04099341597683,29.186534770464814,27.665123324236227
3,16,43,3,0.0,1.0,0.0,0.375,1.0,0.0,26.747580138998718,31.149618633141355,27.32624661301097
4,9,21,7,0.0,1.0,0.0,0.2222222222222222,0.0,0.42857142857142855,21.511750660653906,33.59165031829545,30.46605223413284
5,4,36,5,0.0,1.0,0.0,0.5,1.0,0.0,26.84954616829205,35.492551691099365,27.1588975567183
