NO.,n_SPEA2_2,n_NSGAII_2,n_MOEA,"C(SPEA2_2,NSGAII_2)","C(NSGAII_2,SPEA2_2)","C(SPEA2_2,MOEA)","C(MOEA,SPEA2_2)","C(NSGAII_2,MOEA)","C(MOEA,NSGAII_2)",HV(SPEA2_2),HV(NSGAII_2),HV(MOEA)
1,11,23,20,0.5217391304347826,0.18181818181818182,0.05,0.6363636363636364,0.0,0.8260869565217391,27.778526159731104,27.158226460739304,28.022332849057978
2,9,20,15,0.1,0.4444444444444444,0.06666666666666667,0.3333333333333333,0.13333333333333333,0.1,27.15811116210363,26.326537957958447,27.158228367691283
3,10,19,16,0.0,0.4,0.125,0.4,0.4375,0.0,27.668598983112023,28.02243938158386,27.928946124789345
4,10,14,17,0.0,0.9,0.0,0.5,0.8235294117647058,0.0,27.158112625871876,27.668700780791973,27.15822742649376
5,8,24,18,0.16666666666666666,0.125,0.2777777777777778,0.0,0.7777777777777778,0.0,26.089604862247878,28.022361217431715,27.15822140669684
