iteration,time_SPEA2,time_NSGAII,time_MOEA/D,bestT_SPEA2,bestT_NSGAII,bestT_MOEA/D,bestU_SPEA2,bestU_NSGAII,bestU_MOEA/D,
1,172835,237158,304249,47606.0,29004.0,54102.0,78.43837268342219,82.16053576628168,81.58770928462708,
2,174650,252662,277932,55378.0,35350.0,43096.0,80.13469549089362,82.45144669044788,77.96572562225093,
3,177148,243044,300863,34208.0,36240.0,43490.0,80.5175637115025,82.50259116178272,81.57064409453598,
4,176328,260638,312532,43510.0,42040.0,45500.0,80.91925145746772,81.22235426156995,80.88341188792879,
5,157610,246361,328035,42132.0,28468.0,59394.0,80.72687896534896,80.1547607813532,81.18592285773038,
