NO.,n_SPEA2_2,n_NSGAII_2,n_MOEA,"C(SPEA2_2,NSGAII_2)","C(NSGAII_2,SPEA2_2)","C(SPEA2_2,MOEA)","C(MOEA,SPEA2_2)","C(NSGAII_2,MOEA)","C(MOEA,NSGAII_2)",HV(SPEA2_2),HV(NSGAII_2),HV(MOEA)
1,12,19,22,0.0,1.0,0.2727272727272727,0.75,0.6363636363636364,0.42105263157894735,37.71357176892031,41.612316023857666,40.8279472268543
2,17,14,14,0.0,1.0,0.0,0.5294117647058824,0.8571428571428571,0.14285714285714285,39.17254720181207,41.8814772528275,37.4153532676724
3,20,19,20,0.0,0.9,0.0,0.95,0.15,0.3684210526315789,39.83805658140523,41.84096385986433,40.913214029672766
4,10,25,8,0.28,0.8,0.125,0.7,0.25,0.52,40.19068596083066,40.566400430311646,40.19645338947288
5,24,34,14,0.0,0.8333333333333334,0.07142857142857142,0.7083333333333334,0.7857142857142857,0.0,39.94386039920279,39.69829535980931,40.46102652389729
