iteration,time_SPEA2,time_NSGAII,time_MOEA/D,bestT_SPEA2,bestT_NSGAII,bestT_MOEA/D,bestU_SPEA2,bestU_NSGAII,bestU_MOEA/D,
1,9913,15232,17899,620.0,620.0,580.0,67.78768233387358,67.16666666666667,67.78768233387358,
2,9417,15018,19416,620.0,580.0,620.0,67.16666666666667,66.33386581469648,67.16666666666667,
3,8959,13802,17874,580.0,580.0,580.0,67.67676767676768,68.03079416531604,67.78768233387358,
4,9319,13909,19488,620.0,560.0,620.0,67.16666666666667,67.67676767676768,67.16666666666667,
5,8862,15261,19045,560.0,580.0,620.0,66.09697933227343,68.03079416531604,67.16666666666667,
