iteration,time_NSGAII,time_SPEA2,time_MOEA/D,bestT_NSGAII,bestT_SPEA2,bestT_MOEA/D,bestU_NSGAII,bestU_SPEA2,bestU_MOEA/D
1,2722819,2469909,4902543,15200,10900,13940,74.84882431,69.6537911,67.52408694
2,3155899,3678994,3922645,80590,244805,22340,77.35160846,65.24135759,68.32526027
3,3811549,2503563,3923943,13830,9200,15520,74.85810053,71.77348146,71.46416553
4,2679850,2784698,4925618,3800,5900,40410,75.45453594,71.14673738,67.73858528
5,2495319,2798429,4915871,171520,20605,9600,76.19928553,69.26104091,67.15454435
,2973087.2,2847118.6,4518124,56988,58282,20362,75.74247096,69.41528169,68.44132847
