iteration,time_nsgaii,time_spea2_1,time_spea2_2,time_spea2_3,bestT_nsgaii,bestT_spea2_1,bestT_spea2_2,bestT_spea2_3,bestT_nsgaii,bestT_spea2_1,bestT_spea2_2,bestT_spea2_3,
0,6637,8372,12230,12750,4820.0,4320.0,4320.0,4520.0,66.2190082644628,67.59656652360515,68.6353829557713,68.6353829557713
1,5931,7154,12065,11932,4820.0,4720.0,4420.0,4720.0,66.33018327605956,67.15581643543223,68.6353829557713,68.6353829557713
2,5945,7202,11869,12024,4920.0,11800.0,4320.0,4520.0,67.59656652360515,66.37473460721868,67.15581643543223,68.6353829557713
3,5996,7180,12280,12189,4520.0,4720.0,4420.0,4420.0,67.59656652360515,64.4736842105263,67.15581643543223,67.15581643543223
4,5947,6958,12388,12027,4320.0,4920.0,4720.0,4320.0,67.15581643543223,67.15581643543223,67.15581643543223,67.15581643543223
