iteration,time,n,bestT,bestU,
1,219490,70,1602.0,80.09048701913966,
2,214653,70,3115.0,82.03211517165006,
