iteration,time_nsgaii,time_spea2_1,time_spea2_2,time_spea2_3,bestT_nsgaii,bestT_spea2_1,bestT_spea2_2,bestT_spea2_3,bestT_nsgaii,bestT_spea2_1,bestT_spea2_2,bestT_spea2_3,
0,674586,3082547,4050514,3808611,135397.0,24830.0,0.0,0.0,67.45611517673507,73.06906790533995,78.30554828741948,74.87635087719296
