iteration,time,n,bestT,bestU,
1,9118,70,1600.0,46.171171171171174,
2,8020,70,1600.0,46.171171171171174,
