iteration,time_NSGAII,time_SPEA2,time_MOEA/D,bestT_NSGAII,bestT_SPEA2,bestT_MOEA/D,bestU_NSGAII,bestU_SPEA2,bestU_MOEA/D
1,16799,10262,20286,4320,4320,4720,67.15581644,66.71146953,67.15581644
2,15787,9213,18332,4620,5280,4820,67.15581644,68.63538296,68.63538296
3,15750,9533,19291,4320,4520,4720,68.63538296,68.63538296,68.63538296
4,15282,9930,22805,4620,5320,4720,68.63538296,68.26716738,68.63538296
5,15016,10687,20427,4620,4420,4620,68.63538296,68.63538296,68.63538296
average,15.73 ,9.93 ,20.23 ,4500,4772,4720,68.04355635,68.17695716,68.33946965
bset,15.02 ,9.21 ,18.33 ,4320,4320,4620,68.63538296,68.63538296,68.63538296
