iteration,time_NSGAII,time_SPEA2,time_MOEA/D,bestT_NSGAII,bestT_SPEA2,bestT_MOEA/D,bestU_NSGAII,bestU_SPEA2,bestU_MOEA/D
1,276640,189284,320376,13320,5160,29442,81.66499376,79.00576806,78.30021641
2,282515,191842,315456,9050,29110,7260,80.66387674,80.64114682,81.52132521
3,270016,185195,334055,23914,18054,41354,81.26431373,80.65360745,80.91277562
4,239872,182223,254850,29394,29392,43708,82.01745552,81.29729237,76.60062967
5,276035,171635,315758,11090,25420,6444,81.02670829,79.84533747,82.34822231
average,269.02 ,184.04 ,308.10 ,17353.6,21427.2,25641.6,81.32746961,80.28863043,79.93663384
best,239.87 ,171.64 ,254.85 ,9050,5160,6444,82.01745552,81.29729237,82.34822231
