iteration,time_NSGAII,time_SPEA2,time_MOEA/D,bestT_NSGAII,bestT_SPEA2,bestT_MOEA/D,bestU_NSGAII,bestU_SPEA2,bestU_MOEA/D
1,2506993,3107787,4045900,62756,960,0,73.85753373,68.45103709,65.22296558
2,3213143,2303852,3934160,0,0,2510,73.41797437,75.94847261,71.0047895
3,3127153,3543851,2932992,0,27250,483024,73.61142414,66.80272997,72.2576229
4,3139782,2887590,5626745,0,360,757771,73.3405551,70.51736482,70.32230681
5,2666465,2476868,4264409,0,0,9630,71.26822468,72.18825424,68.8034785
average,2930.71 ,2863.99 ,4160.84 ,12551.2,5714,250587,73.09914241,70.78157175,69.52223266
best,2506.99 ,2303.85 ,2932.99 ,0,0,0,73.85753373,75.94847261,72.2576229
